{"x": [0.5, 1.1], "f": 3.73518993703094}
{"x": [0.5, 1.0], "f": 3.9348672722926343}
{"x": [0.6, 1.0], "f": 5.788948536595571}
