{"x": [0.4108115969934917, 2.1259086459379164], "f": 1.775311386786882e-08}
{"x": [0.410811578684369, 2.125908482556891], "f": 2.7455787643404506e-08}
{"x": [0.41081158039298216, 2.1259085055652855], "f": 4.1585097920737724e-08}
